Principal,Website Category,Website JSON File,Present on Website,Excel Sheet Status,Matched Excel Category,Confidence %
Advion Interchim Scientific,AVANT (U)HPLC,avant-u-hplc.json,Yes,Missing from Sheet,Rotary Vane Vacuum Pumps,46
Advion Interchim Scientific,Expression CMS,expression-cms.json,Yes,Missing from Sheet,Evaporation Systems,48
Advion Interchim Scientific,Flash Purification Systems,flash-purification-systems.json,Yes,Present in Sheet,Solvent Purification Systems,74
Advion Interchim Scientific,Peripheral Production Devices,peripheral-production-devices.json,Yes,Missing from Sheet,Pilot & Production Homogenizers,60
Advion Interchim Scientific,Plate Express,plate-express.json,Yes,Missing from Sheet,Polarimeters,50
Advion Interchim Scientific,Preparative Purification Systems,preparative-purification-systems.json,Yes,Present in Sheet,Preparative HPLC & Purification Systems,84
Advion Interchim Scientific,Solation ICP-MS,solation-icp-ms.json,Yes,Missing from Sheet,LC-MS Systems,50
Advion Interchim Scientific,TriVersa NanoMate,triversa-nanomate.json,Yes,Missing from Sheet,Tri-Gas CO2 incubators,42
Affinite Instruments,Compact Surface Plasmon Resonance (SPR) Systems,compact-surface-plasmon-resonance-spr-systems.json,Yes,Present in Sheet,Compact Surface Plasmon Resonance (SPR) Systems,100
Affinite Instruments,SPR Instrument Control and Analysis Software,spr-instrument-control-and-analysis-software.json,Yes,Missing from Sheet,Automation & Control Systems (PLC / Software Driven),51
Ametek Brookfield,Laboratory Viscometers,laboratory-viscometers.json,Yes,Present in Sheet,Viscometers,100
Ametek Brookfield,Moisture Analyzers,moisture-analyzers.json,Yes,Present in Sheet,Moisture Analyzers,100
Ametek Brookfield,Powder Flow Testers,powder-flow-testers.json,Yes,Missing from Sheet,Flow Chemistry Reactors,50
Ametek Brookfield,Rheometers,rheometers.json,Yes,Present in Sheet,Rheometers,100
Ametek Brookfield,Software / Data Analysis,software-data-analysis.json,Yes,Missing from Sheet,Microbial Analysis Systems,53
Ametek Brookfield,Texture Analyzers,texture-analyzers.json,Yes,Missing from Sheet,Gas Analyzers,60
Bandelin,Ultrasonic Baths,ultrasonic-baths.json,Yes,Present in Sheet,Ultrasonic Baths,100
Bruker,FT-IR Gas Analyzer,ft-ir-gas-analyzer.json,Yes,Present in Sheet,Gas Analyzers,80
Bruker,FT-IR Microscopes,ft-ir-microscopes.json,Yes,Present in Sheet,FT-IR Microscopes,100
Bruker,FT-IR Research Spectrometers,ft-ir-research-spectrometers.json,Yes,Present in Sheet,FT-IR Spectrometers,80
Bruker,FT-IR Spectrometer,ft-ir-spectrometer.json,Yes,Present in Sheet,FT-IR Spectrometers,100
Bruker,FT-NIR Spectrometer,ft-nir-spectrometer.json,Yes,Present in Sheet,FT-NIR Spectrometers,100
Bruker,Process Monitoring Spectrometer,process-monitoring-spectrometer.json,Yes,Present in Sheet,Process Monitoring Systems,78
Bruker,Raman Microscopes,raman-microscopes.json,Yes,Present in Sheet,FT-IR Microscopes,75
Bruker,Raman Spectrometer,raman-spectrometer.json,Yes,Present in Sheet,Handheld Raman Spectrometers,80
Buchi,Freeze Dryer (Lyophilizer),freeze-dryer-lyophilizer.json,Yes,Present in Sheet,Freeze Dryer (Lyophilizer),100
BWB Technologies,Flame Photometers,flame-photometers.json,Yes,Present in Sheet,Flame Photometers,100
Chemspeed,Automated Extraction (QuEChERS),automated-extraction-quechers.json,Yes,Missing from Sheet,Automated Reaction Stations,67
Chemspeed,Automated Synthesis for Innovative Medicines,automated-synthesis-for-innovative-medicines.json,Yes,Missing from Sheet,Automated Laboratory Platforms,50
Chemspeed,Crystal Benchtop Solution,crystal-benchtop-solution.json,Yes,Missing from Sheet,Bacteria Enumeration Systems,49
Dara-Lyo,Pilot Freeze Dryers,pilot-freeze-dryers.json,Yes,Present in Sheet,Pilot Freeze Dryers,100
ECOM,Columns for Preparative Chromatography,columns-for-preparative-chromatography.json,Yes,Present in Sheet,Preparative Chromatography Systems,83
ECOM,PLC Industrial Systems,plc-industrial-systems.json,Yes,Missing from Sheet,CO₂ Incubators,54
FOM Technologies,Roll-to-Roll Slot-Die Coating Systems,slot-die-coating-systems.json,Yes,Present in Sheet,Roll-to-Roll Slot-Die Coating Systems,100
FOM Technologies,Sheet-Based Slot-Die Coating Systems,sheet-based-slot-die-coating-systems.json,Yes,Present in Sheet,Sheet-Based Slot-Die Coating Systems,100
FOM Technologies,Slot-Die Coating Heads (PEEK Series),slot-die-coating-heads-peek-series.json,Yes,Present in Sheet,Slot-Die Coating Heads (PEEK Series),100
FOM Technologies,Slot-Die Coating Heads (Steel Series),slot-die-coating-heads-steel-series.json,Yes,Present in Sheet,Slot-Die Coating Heads (Steel Series),100
GEA,Industrial Homogenizers,industrial-homogenizers.json,Yes,Missing from Sheet,Pilot & Production Homogenizers,67
GEA,Laboratory Homogenizers,laboratory-homogenizers.json,Yes,Missing from Sheet,High-Pressure Homogenizers,61
GEA,Skid-Mounted Homogenizers,skid-mounted-homogenizers.json,Yes,Missing from Sheet,Pilot & Production Homogenizers,64
Heidolph,Large Scale Rotary Evaporators,large-scale-rotary-evaporators.json,Yes,Present in Sheet,Rotary Evaporators,74
Heidolph,Magnetic Stirrers,magnetic-stirrers.json,Yes,Present in Sheet,Magnetic Stirrers,100
Heidolph,Overhead Stirrers,overhead-stirrers.json,Yes,Present in Sheet,Overhead Stirrers,100
Heidolph,Peristaltic Pumps,peristaltic-pumps.json,Yes,Present in Sheet,Peristaltic Pumps,100
Heidolph,Rotary Evaporators,rotary-evaporators.json,Yes,Present in Sheet,Rotary Evaporators,100
Heidolph,Shakers & Mixers,shakers-and-mixers.json,Yes,Missing from Sheet,Overhead Stirrers,50
Heidolph,Vacuum Pumps,vacuum-pumps.json,Yes,Present in Sheet,Oil Vacuum Pumps,85
Hohsen Corp,Equipment For Battery,equipment-for-battery.json,Yes,Missing from Sheet,Environmental Chambers,48
Implen,NanoPhotometer,nanophotometer.json,Yes,Missing from Sheet,Rheometers,60
Implen,OD 600,od-600.json,Yes,Missing from Sheet,BOD Incubators,32
Inkarp USB,Ultrasonic Cleaners & Baths,ultrasonic-cleaners-baths.json,Yes,Present in Sheet,Ultrasonic Cleaners,80
JeioTech,Environmental Chambers,environmental-chambers.json,Yes,Present in Sheet,Environmental Chambers,100
Kubota,General Purpose Centrifuges,general-purpose-centrifuges.json,Yes,Missing from Sheet,Benchtop Centrifuges,62
Kubota,Laboratory Centrifuges,laboratory-centrifuges.json,Yes,Missing from Sheet,Benchtop Centrifuges,69
Kubota,Large Laboratory Centrifuges,large-laboratory-centrifuges.json,Yes,Missing from Sheet,Benchtop Centrifuges,69
Labomatic,Industrial Liquid Chromatography,industrial-liquid-chromatography.json,Yes,Missing from Sheet,Centrifugal Partition Chromatography Systems,71
Labomatic,Liquid Handling,liquid-handling.json,Yes,Missing from Sheet,Liquid Handling & Dispensing Systems,68
Labstation i,Glovebox Workstations,glovebox-workstations.json,Yes,Present in Sheet,Glovebox Workstations,100
Labstation i,Solvent Purification Systems,solvent-purification-systems.json,Yes,Present in Sheet,Solvent Purification Systems,100
Luzchem,Extra Large Photoreactor with Heating,photoreactor-xl.json,Yes,Missing from Sheet,ICH Photoreactors (Pharma Stability Testing Systems) ,56
Luzchem,Laser Flash Photolysis,laser-flash-photolysis.json,Yes,Missing from Sheet,Flame Photometers,49
Luzchem,LED Illuminator,led-illuminator.json,Yes,Missing from Sheet,BOD Incubators,57
Luzchem,Photochemistry / Irradiation,xenon-illuminator.json,Yes,Missing from Sheet,Photochemistry Reactors,71
Luzchem,Photoreactors & Exposure,lzc-photoreactor.json,Yes,Missing from Sheet,Chamber Photoreactors,53
Luzchem,Solar Simulators (300–800 nm),solar-simulators-300-800-nm.json,Yes,Missing from Sheet,Xenon Photoreactors (Solar Simulation Systems),49
Luzchem,Well Plate Illuminator,well-plate-illuminator.json,Yes,Missing from Sheet,Heated Circulators,56
Maccor,Battery And Cell Test Equipment,battery-and-cell-test-equipment.json,Yes,Missing from Sheet,Battery Cell Assembly Systems,58
Mettler Toledo,Density Meter,density-meter.json,Yes,Present in Sheet,Density meters,100
Mettler Toledo,Melting Point Systems,melting-point-systems.json,Yes,Present in Sheet,Melting Point Apparatus,100
Mettler Toledo,Moisture Analyzers,moisture-analyzers.json,Yes,Present in Sheet,Moisture Analyzers,100
Mettler Toledo,pH Meters,ph-meters.json,Yes,Present in Sheet,pH Meters,100
Mettler Toledo,Refractometer,refractometer.json,Yes,Present in Sheet,Refractometers,100
Mettler Toledo,Titrators,titrators.json,Yes,Present in Sheet,Titrators,100
Mettler Toledo,UV/VIS Spectrophotometers,uv-vis-spectrophotometers.json,Yes,Present in Sheet,UV/VIS Spectrophotometers,100
Mettler Toledo,Weighing Balances,weighing-balances.json,Yes,Present in Sheet,Weighing Balances,100
Nanalysis,Automation / Sample Handling (NMR),automation-sample-handling.json,Yes,Missing from Sheet,Autosamplers (Standalone / Basic Integration),54
Nanalysis,Benchtop NMR,benchtop-nmr.json,Yes,Present in Sheet,Benchtop NMR Spectrometers,78
Nanalysis,NMR Spectroscopy / Analysis,nmr-spectroscopy-analysis.json,Yes,Missing from Sheet,Microbial Analysis Systems,59
Nanalysis,Reaction Monitoring / Flow NMR,reaction-monitoring-flow-nmr.json,Yes,Missing from Sheet,Process Monitoring Systems,57
Nanalysis,Software Packages,software-packages.json,Yes,Missing from Sheet,Moisture Analyzers,48
Nanosurf,Industry,industry.json,Yes,Missing from Sheet,Incubators,59
Nanosurf,Integration,integration.json,Yes,Missing from Sheet,Evaporation Systems,60
Nanosurf,Research,advanced-research.json,Yes,Missing from Sheet,Rheometers,47
Nanosurf,Research,research.json,Yes,Missing from Sheet,Rheometers,47
NenoVision s.r.o.,Litescope,litescope.json,Yes,Missing from Sheet,Viscometers,53
Photon ETC,Area Scan Imaging,area-scan-imaging.json,Yes,Missing from Sheet,Preclinical Imaging Systems,67
Photon ETC,eSWIR Cameras,eswir-cameras.json,Yes,Missing from Sheet,Density meters,56
Photon ETC,Linescan Cameras,linescan-cameras.json,Yes,Missing from Sheet,Plant Growth Chambers,51
Photon ETC,Microscopy,microscopy.json,Yes,Missing from Sheet,FT-IR Microscopes,60
Photon ETC,NIR-I & NIR-II Preclinical Imaging,nir-i-nir-ii-preclinical-imaging.json,Yes,Missing from Sheet,Preclinical Imaging Systems,69
Photon ETC,Plate Readers,plate-readers.json,Yes,Missing from Sheet,Pilot Reactors,60
Photon ETC,SWIR Cameras,swir-cameras.json,Yes,Missing from Sheet,Environmental Chambers,50
PolyScience,Chillers,chillers.json,Yes,Present in Sheet,Chillers,100
PolyScience,Circulating Baths,circulating-baths.json,Yes,Present in Sheet,Circulating Baths,100
PolyScience,Water Baths,water-baths.json,Yes,Present in Sheet,Water Baths,100
ProScientific,Automated Homogenizer,automated-homogenizer.json,Yes,Missing from Sheet,Hand-Held Rotor-Stator Homogenizers,62
ProScientific,Digital Benchtop Homogenizers,digital-benchtop-homogenizers.json,Yes,Missing from Sheet,High-Pressure Homogenizers,60
ProScientific,Digital Homogenizer,digital-homogenizer.json,Yes,Missing from Sheet,High-Pressure Homogenizers,64
ProScientific,Hand-Held Rotor-Stator Homogenizers,hand-held-rotor-stator-homogenizers.json,Yes,Present in Sheet,Hand-Held Rotor-Stator Homogenizers,100
ProScientific,Programmable Benchtop Homogenizers,programmable-benchtop-homogenizers.json,Yes,Missing from Sheet,High-Pressure Homogenizers,55
Radleys,Automated Reaction Stations,automated-reaction-stations.json,Yes,Present in Sheet,Automated Reaction Stations,100
Radleys,AVA Lab Control Software,ava-lab-control-software.json,Yes,Missing from Sheet,Automation & Control Systems (PLC / Software Driven),61
Radleys,Benchtop and Hotplate Tools,benchtop-and-hotplate-tools.json,Yes,Missing from Sheet,Benchtop Rotary Evaporators,58
Radleys,Jacketed Lab Reactors,jacketed-lab-reactors.json,Yes,Missing from Sheet,Pilot Reactors,62
Radleys,Parallel Reaction Stations,parallel-reaction-stations.json,Yes,Present in Sheet,Parallel Reaction Systems,81
Reichert Technologies,High-Sensitivity Surface Plasmon Resonance (SPR) Systems,high-sensitivity-surface-plasmon-resonance-spr-systems.json,Yes,Present in Sheet,High-Sensitivity Surface Plasmon Resonance (SPR) Systems,100
Robot Coupe,Blixer Systems (Fine Homogenization for Semi-Solid Samples),blixer-systems.json,Yes,Present in Sheet,Blixer Systems (Fine Homogenization for Semi-Solid Samples),100
Rotzmeier,Accessories,accessories.json,Yes,Missing from Sheet,Chemical Handling Accessories,57
Rotzmeier,Funnels,safety-funnels.json,Yes,Missing from Sheet,Safety Funnels,68
Rotzmeier,Safety Barrels,safety-barrels.json,Yes,Present in Sheet,Safety Barrels,100
Rotzmeier,Safety Canisters,safety-canisters.json,Yes,Present in Sheet,Safety Canisters,100
Rotzmeier,Safety Cans,safety-cans.json,Yes,Present in Sheet,Safety Cans,100
Rotzmeier,Transportation Containers,transportation-containers.json,Yes,Present in Sheet,Transport Containers,88
Sartorius,Arium Advance,arium-advance.json,Yes,Missing from Sheet,Vacuum Ovens,50
Sartorius,Arium Comfort,arium-comfort.json,Yes,Missing from Sheet,Vacuum Controllers,53
Sartorius,Arium Mini Plus,arium-mini-plus.json,Yes,Missing from Sheet,AFM-in-SEM Systems,56
Sartorius,Arium Pro,arium-pro.json,Yes,Missing from Sheet,Vacuum Ovens,50
SBT Instruments,Bacteria Enumeration Systems,bacteria-enumeration-systems.json,Yes,Present in Sheet,Bacteria Enumeration Systems,100
Sonics & Materials,"Laboratory Scale Models, Volume 150 µL to 150 mL",laboratory-scale-models-volume-150ul-to-150ml.json,Yes,Missing from Sheet,Microvolume UV/VIS Spectrophotometers,40
Sonics & Materials,"Laboratory Scale Models, Volume 200 µL to 1 L",laboratory-scale-models-volume-200ul-to-1l.json,Yes,Missing from Sheet,Microvolume UV/VIS Spectrophotometers,39
Sonics & Materials,"Laboratory Scale Models, Volume 200 µL to 2 L",laboratory-scale-models-volume-200ul-to-2l.json,Yes,Missing from Sheet,Microvolume UV/VIS Spectrophotometers,39
Sonics & Materials,Ultrasonic Probe Sonicators,ultrasonic-probe-sonicators.json,Yes,Present in Sheet,Ultrasonic Probe Sonicators,100
Sonics & Materials,Ultrasonic Probe Sonicators (Production Scale),ultrasonic-probe-sonicators-production-scale.json,Yes,Present in Sheet,Ultrasonic Probe Sonicators,75
Sp Genevac,Benchtop Evaporators,benchtop-evaporators.json,Yes,Present in Sheet,Benchtop Rotary Evaporators,84
Sp Genevac,Centrifugal Evaporators,centrifugal-evaporators.json,Yes,Present in Sheet,Centrifugal Vacuum Evaporators,86
ThalesNano,H Cube Systems,h-cube-systems.json,Yes,Missing from Sheet,CO₂ Incubators,44
ThalesNano,Hydrogen Gas Generators,hydrogen-gas-generators.json,Yes,Present in Sheet,Hydrogen Generators,90
ThalesNano,Phoenix Flow Systems,phoenix-flow-systems.json,Yes,Missing from Sheet,Hydrogenation Flow Reactors,53
ThalesNano,PhotoCube™,photocube.json,Yes,Missing from Sheet,Flame Photometers,48
ThermoFisher Scientific,Viscometers,viscometers.json,Yes,Present in Sheet,Viscometers,100
Waters,Chromatography and LC-MS Systems,chromatography-and-lc-ms-systems.json,Yes,Missing from Sheet,Chromatography Data Systems & Informatics,69
Waters,"LC-MS Systems (High Sensitivity, Regulatory Compliant)",lc-ms-systems-high-sensitivity-regulatory-compliant.json,Yes,Missing from Sheet,LC-MS Systems,57
Waters,UPLC,uplc.json,Yes,Missing from Sheet,Analytical HPLC / UHPLC / UPLC Systems,51
Zeiss,Automated Microscopy Systems,automated-microscopy-systems.json,Yes,Missing from Sheet,Automated Reaction Stations,61
Zeiss,Inverted Microscopes,inverted-microscopes.json,Yes,Present in Sheet,FT-IR Microscopes,74
Zeiss,SteREO Discovery Family,stereo-discovery-family.json,Yes,Missing from Sheet,Atomic Force Microscopes (AFM),44
Zeiss,Stereo Microscopes,stereo-microscopes.json,Yes,Present in Sheet,FT-IR Microscopes,79
Zeiss,Upright Microscopes,upright-microscopes.json,Yes,Present in Sheet,Optical Microscopes,72
Zeiss,Zoom Microscopes,zoom-microscopes.json,Yes,Present in Sheet,Confocal Microscopes,76
